"Español","Acrónimo","English","Acronym","","","","","","","","","","","","","","","","","","","","",""
"Ácido linoleico conjugado","CLA *","Conjugated linoleic acid","CLA","* En español se utiliza más la sigla en inglés","","","","","","","","","","","","","","","","","","","",""
"Ácidos grasos","AG","Fatty Acids","FA","","","","","","","","","","","","","","","","","","","","",""
"Ácidos grasos poliinsaturados","AGPI","Poliunsaturated Fatty Acids","PUFA","","","","","","","","","","","","","","","","","","","","",""
"Estados Unidos","EE. UU.","United States","US","","","","","","","","","","","","","","","","","","","","",""
"Grasa cruda","GC","Crude Fat","CF","","","","","","","","","","","","","","","","","","","","",""
"Consumo de Materia Seca","CMS","Dry Matter Intake","DMI","","","","","","","","","","","","","","","","","","","","",""
"Lipoproteínas de alta densidad","HDL","High-density lipoproteins","HDL","","","","","","","","","","","","","","","","","","","","",""
"Lipoproteínas de baja densidad","LDL","Low-density lipoproteins","LDL","","","","","","","","","","","","","","","","","","","","",""
"Materia Seca","MS","Dry Matter","DM","","","","","","","","","","","","","","","","","","","","",""
"Triacilglicérido","TAG","Trigliceryde","TG","","","","","","","","","","","","","","","","","","","","",""
"Índice de yodo","IY","Iodine Value","IV","","","","","","","","","","","","","","","","","","","","",""
"Energía digestible","ED","Digestible Energy","DE","","","","","","","","","","","","","","","","","","","","",""
"Fibra detergente neutra","FDN","Neutral Detergent Fiber","NDF","","","","","","","","","","","","","","","","","","","","",""
"Fibra detergente ácida","FDA","Acid Detergent Fiber","ADF","","","","","","","","","","","","","","","","","","","","",""
"Ácidos grasos volátiles","AGV","Volatile Fatty Acids","VFA","","","","","","","","","","","","","","","","","","","","",""
"Energía metabolizable","EM","Metabolizable Energy","ME","","","","","","","","","","","","","","","","","","","","",""
"Consumo de energía metabolizable","CEM","Metabolizable Energy Intake","MEI","","","","","","","","","","","","","","","","","","","","",""
"Peso Vivo vacío","PVV","Empty Body Weight","EBW","","","","","","","","","","","","","","","","","","","","",""
"Proteína metabolizable","PM","Metabolizable Protein","MP","","","","","","","","","","","","","","","","","","","","",""
"Peso Vivo Maduro","PVm","Mature Body Weight","MatBW","","","","","","","","","","","","","","","","","","","","",""
"Ganancia de Peso Vivo vacío","GDPv","Empty Body Weight gain","EBG","","","","","","","","","","","","","","","","","","","","",""
"Ganancia diaria de peso","GDP","Average Daily Gain","ADG","","","","","","","","","","","","","","","","","","","","",""
"Desviación Estándar","DE","Standard Deviation","SD","","","","","","","","","","","","","","","","","","","","",""
"CEM de la Dieta líquida","CEMDL","MEI from Liquid Diet","MEiLD","","","","","","","","","","","","","","","","","","","","",""
"Tiempo relativo a la primera alimentación
 con alimento iniciador","PA Iniciador","Time relative to first
 offer of starter","FP Starter","","","","","","","","","","","","","","","","","","","","",""
"Energía Neta","EN","Net Energy","NE","","","","","","","","","","","","","","","","","","","","",""
"Energía Neta de mantenimiento","ENm","Net Energy Maintenance","NEm","","","","","","","","","","","","","","","","","","","","",""
"Producción de calor","PCal","Heat Production","HP","","","","","","","","","","","","","","","","","","","","",""
"Energía retenida","ER","Retained Energy","RE","","","","","","","","","","","","","","","","","","","","",""
"Energía metabolizable de mantenimiento","EMm","Metabolizable Energy 
Maintenance","MEm","","","","","","","","","","","","","","","","","","","","",""
"Agua en peso vacío","APV","Empty Body Water","EBW","","","","","","","","","","","","","","","","","","","","",""
"Consumo libre de agua","CLA","Free Water Intake","FWI","","","","","","","","","","","","","","","","","","","","",""
"Adenosín trifosfato","ATP","Adenosine Triphosphate","ATP","","","","","","","","","","","","","","","","","","","","",""
"Aminoácidos","AA","amino acids","AA","","","","","","","","","","","","","","","","","","","","",""
"Proteína cruda","PC","Crude Protein","CP","","","","","","","","","","","","","","","","","","","","",""
"Nitrógeno","N","Nitrogen","N","","","","","","","","","","","","","","","","","","","","",""
"Aminoácidos esenciales","AAE","Essential Aminoacids","EAA","","","","","","","","","","","","","","","","","","","","",""
"Aminoácidos no esenciales","AANE","Non-essential Aminoacids","NEAA","","","","","","","","","","","","","","","","","","","","",""
"Proteína degradable en rumen","PDR","Rumen degradable protein","RDP","","","","","","","","","","","","","","","","","","","","",""
"Proteína no degradable en rumen","PNDR","Rumen undegradable
 protein","RUP","","","","","","","","","","","","","","","","","","","","",""
"Diana de rapamicina en células de mamífero","mTOR","Mammalian target 
of rapamycin","mTOR","","","","","","","","","","","","","","","","","","","","",""
"Nutrientes digestibles verdaderos","NDV","true digestible nutrients","TDN","","","","","","","","","","","","","","","","","","","","",""
"Nitrógeno ureico en sangre","NUS","Blood urea nitrogen","BUN","","","","","","","","","","","","","","","","","","","","",""
"Nitrógeno endógeno","NE","Endogenous nitrogen","EN","","","","","","","","","","","","","","","","","","","","",""
"Digestibilidad intestinal de PNDR","dPNDR","intestinal digestibility
 for RUP","dRUP","","","","","","","","","","","","","","","","","","","","",""
"Lisina","Lys","Lysine","Lys","","","","","","","","","","","","","","","","","","","","",""
"Leucina","Leu","Leucine","Leu","","","","","","","","","","","","","","","","","","","","",""
"Metionina","Met","Methionine","Met","","","","","","","","","","","","","","","","","","","","",""
"Arginina","Arg","Arginine","Arg","","","","","","","","","","","","","","","","","","","","",""
"Histidina","His","Histidine","His","","","","","","","","","","","","","","","","","","","","",""
"Isoleucina","Iso","Isoleucine","Iso","","","","","","","","","","","","","","","","","","","","",""
"Fenilalanina","Phe","Phenilalanine","Phe","","","","","","","","","","","","","","","","","","","","",""
"Treonina","Thr","Threonine","Thr","","","","","","","","","","","","","","","","","","","","",""
"Triptófano","Trp","Tryptophan","Trp","","","","","","","","","","","","","","","","","","","","",""
"Valina","Val","Valine","Val","","","","","","","","","","","","","","","","","","","","",""
"Alanina","Ala","Alanine","Ala","","","","","","","","","","","","","","","","","","","","",""
"Asparagina","Asn","Asparagine","Asn","","","","","","","","","","","","","","","","","","","","",""
"Aspartato","Asp","Aspartate","Asp","","","","","","","","","","","","","","","","","","","","",""
"Cisteína","Cys","Cysteine","Cys","","","","","","","","","","","","","","","","","","","","",""
"Ácido glutámico","Glu","Glutamate","Glu","","","","","","","","","","","","","","","","","","","","",""
"Glutamina","Gln","Glutamine","Gln","","","","","","","","","","","","","","","","","","","","",""
"Glicina","Gly","Glycine","Gly","","","","","","","","","","","","","","","","","","","","",""
"Prolina","Pro","Proline","Pro","","","","","","","","","","","","","","","","","","","","",""
"Serina","Ser","Serine","Ser","","","","","","","","","","","","","","","","","","","","",""
"Tirosina","Tyr","Tyrosine","Tyr","","","","","","","","","","","","","","","","","","","","",""
"Digestibilidad aparente de proteína","DAP","Apparently Digestible 
Protein","ADP","","","","","","","","","","","","","","","","","","","","",""
"Pérdida urinaria endógena de PC","PUEPC","Endogenous Urinary
 CP Loss","EUCP","","","","","","","","","","","","","","","","","","","","",""
"PC metabólica fecal","PCMf","Metabolic Fecal CP","MFCP","","","","","","","","","","","","","","","","","","","","",""
"Proteína neta","PN","Net Protein","NP","","","","","","","","","","","","","","","","","","","","",""
"Proteína neta de crecimiento","PNc","NP for growth","NPg","","","","","","","","","","","","","","","","","","","","",""
"Proteína metabolizable de crecimiento","PMc","MP for growth","MPg","","","","","","","","","","","","","","","","","","","","",""
"Valor biológico","VB","Biological Value","BV","","","","","","","","","","","","","","","","","","","","",""
"N metabólico fecal","NMf","Metabolic Fecal N","MFN","","","","","","","","","","","","","","","","","","","","",""
"Proteína cruda microbiana","PCM","Microbial Crude Protein","MCP","","","","","","","","","","","","","","","","","","","","",""
"Proteína cruda microbiana fecal","PCMf","Fecal Microbial Crude Protein","fMCP","","","","","","","","","","","","","","","","","","","","",""
"Energía bruta","EB","Gross Energy","GE","","","","","","","","","","","","","","","","","","","","",""
"Consumo adecuado","CA","Adequate Intake","AI","","","","","","","","","","","","","","","","","","","","",""
"Ganancia diaria de peso promedio","pGDP","Predicted ADG","pADG","","","","","","","","","","","","","","","","","","","","",""
"Coeficiente de absorción","CA","Absorption Coeficient","AC","","","","","","","","","","","","","","","","","","","","",""
"Proteína verdadera","PV","True Protein","","","","","","","","","","","","","","","","","","","","","",""
"Agua corporal total","ACT","Total Body Water","TBW","","","","","","","","","","","","","","","","","","","","",""
"Consumo total de agua","CTA","Ingestão total de água","ITA","","","","","","","","","","","","","","","","","","","","",""
"Eficiencia aparente de absorción","EAA","Apparent Efficiency of 
IgG Absorption","AEA","","","","","","","","","","","","","","","","","","","","",""
"","","","","","","","","","","","","","","","","","","","","","","","",""
"FDN digestible a 48 h","FDNd – 48h","NDF Digestible in 48 hs","NDFD48","","","","","","","","","","","","","","","","","","","","",""
"Peso vivo maduro","PVm","Mature body weight","MatBW","","","","","","","","","","","","","","","","","","","","",""
"Punto de quiebre","","Breakpoint","BP","","","","","","","","","","","","","","","","","","","","",""
"Digestibilidad para PNDR","dPNDR","digestible RUP","dRUP","","","","","","","","","","","","","","","","","","","","",""
"Protegido en rumen o de sobre-paso","PR","Rumen-protected","RP","","","","","","","","","","","","","","","","","","","","",""
"Proteína transportadora de acilo","ACP","Acyl carrier protein","ACP","","","","","","","","","","","","","","","","","","","","",""
"Criterio de Akaike","AIC","Akaik Information Criterion","AIC","","","","","","","","","","","","","","","","","","","","",""
"Coeficiente de correlación de concordancia","CCC","Concordance Correlation 
Coeficiente","CCC","","","","","","","","","","","","","","","","","","","","",""
"Error de predicción del cuadrado medio","MSPE","Mean Squared Prediction
 Error","MSPE","","","","","","","","","","","","","","","","","","","","",""
"Error cuadrático medio de la raíz","RMSE","Root Mean Squared Error","RMSE","","","","","","","","","","","","","","","","","","","","",""
"Error cuadrático medio","ECM","Mean Squared Error","MSE","","","","","","","","","","","","","","","","","","","","",""
"Sesgo medio","","Mean bias","","","","","","","","","","","","","","","","","","","","","",""
"Sesgo de la pendiente","","Slope bias","","","","","","","","","","","","","","","","","","","","","",""
"Prión","","Prion","","","","","","","","","","","","","","","","","","","","","",""
"","","","","","","","","","","","","","","","","","","","","","","","",""
"","","","","","","","","","","","","","","","","","","","","","","","",""
"","","","","","","","","","","","","","","","","","","","","","","","",""
"","","","","","","","","","","","","","","","","","","","","","","","",""
"","","","","","","","","","","","","","","","","","","","","","","","",""
"","","","","","","","","","","","","","","","","","","","","","","","",""
"","","","","","","","","","","","","","","","","","","","","","","","",""
"","","","","","","","","","","","","","","","","","","","","","","","",""
"","","","","","","","","","","","","","","","","","","","","","","","",""
"","","","","","","","","","","","","","","","","","","","","","","","",""
"","","","","","","","","","","","","","","","","","","","","","","","",""
"","","","","","","","","","","","","","","","","","","","","","","","",""
"","","","","","","","","","","","","","","","","","","","","","","","",""
"","","","","","","","","","","","","","","","","","","","","","","","",""
"","","","","","","","","","","","","","","","","","","","","","","","",""
"","","","","","","","","","","","","","","","","","","","","","","","",""
"","","","","","","","","","","","","","","","","","","","","","","","",""
"","","","","","","","","","","","","","","","","","","","","","","","",""
"","","","","","","","","","","","","","","","","","","","","","","","",""
"","","","","","","","","","","","","","","","","","","","","","","","",""
"","","","","","","","","","","","","","","","","","","","","","","","",""
"","","","","","","","","","","","","","","","","","","","","","","","",""
"","","","","","","","","","","","","","","","","","","","","","","","",""
"","","","","","","","","","","","","","","","","","","","","","","","",""
"","","","","","","","","","","","","","","","","","","","","","","","",""
"","","","","","","","","","","","","","","","","","","","","","","","",""
"","","","","","","","","","","","","","","","","","","","","","","","",""
"","","","","","","","","","","","","","","","","","","","","","","","",""
"","","","","","","","","","","","","","","","","","","","","","","","",""
"","","","","","","","","","","","","","","","","","","","","","","","",""
"","","","","","","","","","","","","","","","","","","","","","","","",""
"","","","","","","","","","","","","","","","","","","","","","","","",""
"","","","","","","","","","","","","","","","","","","","","","","","",""
"","","","","","","","","","","","","","","","","","","","","","","","",""
"","","","","","","","","","","","","","","","","","","","","","","","",""
"","","","","","","","","","","","","","","","","","","","","","","","",""
"","","","","","","","","","","","","","","","","","","","","","","","",""
"","","","","","","","","","","","","","","","","","","","","","","","",""
"","","","","","","","","","","","","","","","","","","","","","","","",""
"","","","","","","","","","","","","","","","","","","","","","","","",""
"","","","","","","","","","","","","","","","","","","","","","","","",""
"","","","","","","","","","","","","","","","","","","","","","","","",""
"","","","","","","","","","","","","","","","","","","","","","","","",""
"","","","","","","","","","","","","","","","","","","","","","","","",""
"","","","","","","","","","","","","","","","","","","","","","","","",""
"","","","","","","","","","","","","","","","","","","","","","","","",""
"","","","","","","","","","","","","","","","","","","","","","","","",""
"","","","","","","","","","","","","","","","","","","","","","","","",""
"","","","","","","","","","","","","","","","","","","","","","","","",""
"","","","","","","","","","","","","","","","","","","","","","","","",""
"","","","","","","","","","","","","","","","","","","","","","","","",""
"","","","","","","","","","","","","","","","","","","","","","","","",""
"","","","","","","","","","","","","","","","","","","","","","","","",""
"","","","","","","","","","","","","","","","","","","","","","","","",""
"","","","","","","","","","","","","","","","","","","","","","","","",""
"","","","","","","","","","","","","","","","","","","","","","","","",""
"","","","","","","","","","","","","","","","","","","","","","","","",""
"","","","","","","","","","","","","","","","","","","","","","","","",""
"","","","","","","","","","","","","","","","","","","","","","","","",""
"","","","","","","","","","","","","","","","","","","","","","","","",""
"","","","","","","","","","","","","","","","","","","","","","","","",""
"","","","","","","","","","","","","","","","","","","","","","","","",""
"","","","","","","","","","","","","","","","","","","","","","","","",""
"","","","","","","","","","","","","","","","","","","","","","","","",""
"","","","","","","","","","","","","","","","","","","","","","","","",""
"","","","","","","","","","","","","","","","","","","","","","","","",""
"","","","","","","","","","","","","","","","","","","","","","","","",""
"","","","","","","","","","","","","","","","","","","","","","","","",""
"","","","","","","","","","","","","","","","","","","","","","","","",""
"","","","","","","","","","","","","","","","","","","","","","","","",""
"","","","","","","","","","","","","","","","","","","","","","","","",""
"","","","","","","","","","","","","","","","","","","","","","","","",""
"","","","","","","","","","","","","","","","","","","","","","","","",""
"","","","","","","","","","","","","","","","","","","","","","","","",""
"","","","","","","","","","","","","","","","","","","","","","","","",""
"","","","","","","","","","","","","","","","","","","","","","","","",""
"","","","","","","","","","","","","","","","","","","","","","","","",""
"","","","","","","","","","","","","","","","","","","","","","","","",""
"","","","","","","","","","","","","","","","","","","","","","","","",""
"","","","","","","","","","","","","","","","","","","","","","","","",""
"","","","","","","","","","","","","","","","","","","","","","","","",""
"","","","","","","","","","","","","","","","","","","","","","","","",""
"","","","","","","","","","","","","","","","","","","","","","","","",""
"","","","","","","","","","","","","","","","","","","","","","","","",""
"","","","","","","","","","","","","","","","","","","","","","","","",""
"","","","","","","","","","","","","","","","","","","","","","","","",""
"","","","","","","","","","","","","","","","","","","","","","","","",""
"","","","","","","","","","","","","","","","","","","","","","","","",""
"","","","","","","","","","","","","","","","","","","","","","","","",""
"","","","","","","","","","","","","","","","","","","","","","","","",""
"","","","","","","","","","","","","","","","","","","","","","","","",""
"","","","","","","","","","","","","","","","","","","","","","","","",""
"","","","","","","","","","","","","","","","","","","","","","","","",""
"","","","","","","","","","","","","","","","","","","","","","","","",""
"","","","","","","","","","","","","","","","","","","","","","","","",""
"","","","","","","","","","","","","","","","","","","","","","","","",""
"","","","","","","","","","","","","","","","","","","","","","","","",""
"","","","","","","","","","","","","","","","","","","","","","","","",""
"","","","","","","","","","","","","","","","","","","","","","","","",""
"","","","","","","","","","","","","","","","","","","","","","","","",""
"","","","","","","","","","","","","","","","","","","","","","","","",""
"","","","","","","","","","","","","","","","","","","","","","","","",""
"","","","","","","","","","","","","","","","","","","","","","","","",""
"","","","","","","","","","","","","","","","","","","","","","","","",""
"","","","","","","","","","","","","","","","","","","","","","","","",""
"","","","","","","","","","","","","","","","","","","","","","","","",""
"","","","","","","","","","","","","","","","","","","","","","","","",""
"","","","","","","","","","","","","","","","","","","","","","","","",""
"","","","","","","","","","","","","","","","","","","","","","","","",""
"","","","","","","","","","","","","","","","","","","","","","","","",""
"","","","","","","","","","","","","","","","","","","","","","","","",""
"","","","","","","","","","","","","","","","","","","","","","","","",""
"","","","","","","","","","","","","","","","","","","","","","","","",""
"","","","","","","","","","","","","","","","","","","","","","","","",""
"","","","","","","","","","","","","","","","","","","","","","","","",""
"","","","","","","","","","","","","","","","","","","","","","","","",""
"","","","","","","","","","","","","","","","","","","","","","","","",""
"","","","","","","","","","","","","","","","","","","","","","","","",""
"","","","","","","","","","","","","","","","","","","","","","","","",""
"","","","","","","","","","","","","","","","","","","","","","","","",""
"","","","","","","","","","","","","","","","","","","","","","","","",""
"","","","","","","","","","","","","","","","","","","","","","","","",""
"","","","","","","","","","","","","","","","","","","","","","","","",""
"","","","","","","","","","","","","","","","","","","","","","","","",""
"","","","","","","","","","","","","","","","","","","","","","","","",""
"","","","","","","","","","","","","","","","","","","","","","","","",""
"","","","","","","","","","","","","","","","","","","","","","","","",""
"","","","","","","","","","","","","","","","","","","","","","","","",""
"","","","","","","","","","","","","","","","","","","","","","","","",""
"","","","","","","","","","","","","","","","","","","","","","","","",""
"","","","","","","","","","","","","","","","","","","","","","","","",""
"","","","","","","","","","","","","","","","","","","","","","","","",""
"","","","","","","","","","","","","","","","","","","","","","","","",""
"","","","","","","","","","","","","","","","","","","","","","","","",""
"","","","","","","","","","","","","","","","","","","","","","","","",""
"","","","","","","","","","","","","","","","","","","","","","","","",""
"","","","","","","","","","","","","","","","","","","","","","","","",""
"","","","","","","","","","","","","","","","","","","","","","","","",""
"","","","","","","","","","","","","","","","","","","","","","","","",""
"","","","","","","","","","","","","","","","","","","","","","","","",""
"","","","","","","","","","","","","","","","","","","","","","","","",""
"","","","","","","","","","","","","","","","","","","","","","","","",""
"","","","","","","","","","","","","","","","","","","","","","","","",""
"","","","","","","","","","","","","","","","","","","","","","","","",""
"","","","","","","","","","","","","","","","","","","","","","","","",""
"","","","","","","","","","","","","","","","","","","","","","","","",""
"","","","","","","","","","","","","","","","","","","","","","","","",""
"","","","","","","","","","","","","","","","","","","","","","","","",""
"","","","","","","","","","","","","","","","","","","","","","","","",""
"","","","","","","","","","","","","","","","","","","","","","","","",""
"","","","","","","","","","","","","","","","","","","","","","","","",""
"","","","","","","","","","","","","","","","","","","","","","","","",""
"","","","","","","","","","","","","","","","","","","","","","","","",""
"","","","","","","","","","","","","","","","","","","","","","","","",""
"","","","","","","","","","","","","","","","","","","","","","","","",""
"","","","","","","","","","","","","","","","","","","","","","","","",""
"","","","","","","","","","","","","","","","","","","","","","","","",""
"","","","","","","","","","","","","","","","","","","","","","","","",""
"","","","","","","","","","","","","","","","","","","","","","","","",""
"","","","","","","","","","","","","","","","","","","","","","","","",""
"","","","","","","","","","","","","","","","","","","","","","","","",""
"","","","","","","","","","","","","","","","","","","","","","","","",""
"","","","","","","","","","","","","","","","","","","","","","","","",""
"","","","","","","","","","","","","","","","","","","","","","","","",""
"","","","","","","","","","","","","","","","","","","","","","","","",""
"","","","","","","","","","","","","","","","","","","","","","","","",""
"","","","","","","","","","","","","","","","","","","","","","","","",""
"","","","","","","","","","","","","","","","","","","","","","","","",""
"","","","","","","","","","","","","","","","","","","","","","","","",""
"","","","","","","","","","","","","","","","","","","","","","","","",""
"","","","","","","","","","","","","","","","","","","","","","","","",""
"","","","","","","","","","","","","","","","","","","","","","","","",""
"","","","","","","","","","","","","","","","","","","","","","","","",""
"","","","","","","","","","","","","","","","","","","","","","","","",""
"","","","","","","","","","","","","","","","","","","","","","","","",""
"","","","","","","","","","","","","","","","","","","","","","","","",""
"","","","","","","","","","","","","","","","","","","","","","","","",""
"","","","","","","","","","","","","","","","","","","","","","","","",""
"","","","","","","","","","","","","","","","","","","","","","","","",""
"","","","","","","","","","","","","","","","","","","","","","","","",""
"","","","","","","","","","","","","","","","","","","","","","","","",""
"","","","","","","","","","","","","","","","","","","","","","","","",""
"","","","","","","","","","","","","","","","","","","","","","","","",""
"","","","","","","","","","","","","","","","","","","","","","","","",""
"","","","","","","","","","","","","","","","","","","","","","","","",""
"","","","","","","","","","","","","","","","","","","","","","","","",""
"","","","","","","","","","","","","","","","","","","","","","","","",""
"","","","","","","","","","","","","","","","","","","","","","","","",""
"","","","","","","","","","","","","","","","","","","","","","","","",""
"","","","","","","","","","","","","","","","","","","","","","","","",""
"","","","","","","","","","","","","","","","","","","","","","","","",""
"","","","","","","","","","","","","","","","","","","","","","","","",""
"","","","","","","","","","","","","","","","","","","","","","","","",""
"","","","","","","","","","","","","","","","","","","","","","","","",""
"","","","","","","","","","","","","","","","","","","","","","","","",""
"","","","","","","","","","","","","","","","","","","","","","","","",""
"","","","","","","","","","","","","","","","","","","","","","","","",""
"","","","","","","","","","","","","","","","","","","","","","","","",""
"","","","","","","","","","","","","","","","","","","","","","","","",""
"","","","","","","","","","","","","","","","","","","","","","","","",""
